,id,name,address,city,state,zip,county,phone,type,ownership,emergency,quality,LAT,LON
0,CNH-HOSPITAL-1301,石家庄市合成人民医院,合成路1号,石家庄市-1301,中国,050000,河北省,10000000000,合成人民医院,Synthetic,Yes,3,37.995273684210524,114.82667368421052
1,CNH-HOSPITAL-1302,唐山市合成人民医院,合成路1号,唐山市-1302,中国,063000,河北省,10000000000,合成人民医院,Synthetic,Yes,3,39.83180909090909,118.10159090909092
2,CNH-HOSPITAL-1303,秦皇岛市合成人民医院,合成路1号,秦皇岛市-1303,中国,066000,河北省,10000000000,合成人民医院,Synthetic,Yes,3,39.9317,119.5883
3,CNH-HOSPITAL-1304,邯郸市合成人民医院,合成路1号,邯郸市-1304,中国,056000,河北省,10000000000,合成人民医院,Synthetic,Yes,3,36.751740000000005,114.87992666666666
4,CNH-HOSPITAL-1305,邢台市合成人民医院,合成路1号,邢台市-1305,中国,051600,河北省,10000000000,合成人民医院,Synthetic,Yes,3,37.20625555555556,114.88378333333333
5,CNH-HOSPITAL-1306,保定市合成人民医院,合成路1号,保定市-1306,中国,071000,河北省,10000000000,合成人民医院,Synthetic,Yes,3,38.86755,115.46488636363637
6,CNH-HOSPITAL-1307,张家口市合成人民医院,合成路1号,张家口市-1307,中国,075000,河北省,10000000000,合成人民医院,Synthetic,Yes,3,39.58930625,114.8655125
7,CNH-HOSPITAL-1308,承德市合成人民医院,合成路1号,承德市-1308,中国,067000,河北省,10000000000,合成人民医院,Synthetic,Yes,3,40.3767,117.75330909090908
8,CNH-HOSPITAL-1309,沧州市合成人民医院,合成路1号,沧州市-1309,中国,061000,河北省,10000000000,合成人民医院,Synthetic,Yes,3,38.3658,116.77623846153845
9,CNH-HOSPITAL-1310,廊坊市合成人民医院,合成路1号,廊坊市-1310,中国,065000,河北省,10000000000,合成人民医院,Synthetic,Yes,3,39.5208,116.7147
10,CNH-HOSPITAL-1311,衡水市合成人民医院,合成路1号,衡水市-1311,中国,052600,河北省,10000000000,合成人民医院,Synthetic,Yes,3,37.84518181818182,115.76205454545453
11,CNH-HOSPITAL-1401,太原市合成人民医院,合成路1号,太原市-1401,中国,030000,山西省,10000000000,合成人民医院,Synthetic,Yes,3,37.8872,112.3471
12,CNH-HOSPITAL-1402,大同市合成人民医院,合成路1号,大同市-1402,中国,034400,山西省,10000000000,合成人民医院,Synthetic,Yes,3,39.329225,112.9620375
13,CNH-HOSPITAL-1403,阳泉市合成人民医院,合成路1号,阳泉市-1403,中国,045000,山西省,10000000000,合成人民医院,Synthetic,Yes,3,37.8575,113.56329999999998
14,CNH-HOSPITAL-1404,长治市合成人民医院,合成路1号,长治市-1404,中国,046000,山西省,10000000000,合成人民医院,Synthetic,Yes,3,36.2023375,113.1201875
15,CNH-HOSPITAL-1405,晋城市合成人民医院,合成路1号,晋城市-1405,中国,048000,山西省,10000000000,合成人民医院,Synthetic,Yes,3,35.647774999999996,112.875
16,CNH-HOSPITAL-1406,朔州市合成人民医院,合成路1号,朔州市-1406,中国,036000,山西省,10000000000,合成人民医院,Synthetic,Yes,3,38.606950000000005,112.39954999999999
17,CNH-HOSPITAL-1407,晋中市合成人民医院,合成路1号,晋中市-1407,中国,030600,山西省,10000000000,合成人民医院,Synthetic,Yes,3,37.420063636363636,112.23157272727272
18,CNH-HOSPITAL-1408,运城市合成人民医院,合成路1号,运城市-1408,中国,043100,山西省,10000000000,合成人民医院,Synthetic,Yes,3,35.2623,110.70810833333333
19,CNH-HOSPITAL-1409,忻州市合成人民医院,合成路1号,忻州市-1409,中国,034000,山西省,10000000000,合成人民医院,Synthetic,Yes,3,38.748735714285715,112.47497857142857
20,CNH-HOSPITAL-1410,临汾市合成人民医院,合成路1号,临汾市-1410,中国,031400,山西省,10000000000,合成人民医院,Synthetic,Yes,3,36.66688823529412,111.72461176470588
21,CNH-HOSPITAL-1411,吕梁市合成人民医院,合成路1号,吕梁市-1411,中国,030500,山西省,10000000000,合成人民医院,Synthetic,Yes,3,37.615707692307694,112.08211538461539
22,CNH-HOSPITAL-1501,呼和浩特市合成人民医院,合成路1号,呼和浩特市-1501,中国,010000,内蒙古自治区,10000000000,合成人民医院,Synthetic,Yes,3,41.69545,111.74435
23,CNH-HOSPITAL-1502,包头市合成人民医院,合成路1号,包头市-1502,中国,014000,内蒙古自治区,10000000000,合成人民医院,Synthetic,Yes,3,40.651599999999995,109.8439
24,CNH-HOSPITAL-1503,乌海市合成人民医院,合成路1号,乌海市-1503,中国,016000,内蒙古自治区,10000000000,合成人民医院,Synthetic,Yes,3,39.6844,106.8158
25,CNH-HOSPITAL-1504,赤峰市合成人民医院,合成路1号,赤峰市-1504,中国,024000,内蒙古自治区,10000000000,合成人民医院,Synthetic,Yes,3,44.81905,119.30345
26,CNH-HOSPITAL-1505,通辽市合成人民医院,合成路1号,通辽市-1505,中国,028000,内蒙古自治区,10000000000,合成人民医院,Synthetic,Yes,3,44.1163125,121.5275125
27,CNH-HOSPITAL-1506,鄂尔多斯市合成人民医院,合成路1号,鄂尔多斯市-1506,中国,010300,内蒙古自治区,10000000000,合成人民医院,Synthetic,Yes,3,39.62583333333333,109.54296666666667
28,CNH-HOSPITAL-1507,呼伦贝尔市合成人民医院,合成路1号,呼伦贝尔市-1507,中国,021000,内蒙古自治区,10000000000,合成人民医院,Synthetic,Yes,3,49.266974999999995,120.25976666666666
29,CNH-HOSPITAL-1508,巴彦淖尔市合成人民医院,合成路1号,巴彦淖尔市-1508,中国,014400,内蒙古自治区,10000000000,合成人民医院,Synthetic,Yes,3,40.41801666666667,110.22531666666667
30,CNH-HOSPITAL-1509,乌兰察布市合成人民医院,合成路1号,乌兰察布市-1509,中国,011800,内蒙古自治区,10000000000,合成人民医院,Synthetic,Yes,3,40.63187272727272,111.72008181818181
31,CNH-HOSPITAL-1522,兴安盟合成人民医院,合成路1号,兴安盟-1522,中国,137400,内蒙古自治区,10000000000,合成人民医院,Synthetic,Yes,3,45.4754,122.8088
32,CNH-HOSPITAL-1525,锡林郭勒盟合成人民医院,合成路1号,锡林郭勒盟-1525,中国,011100,内蒙古自治区,10000000000,合成人民医院,Synthetic,Yes,3,45.678149999999995,116.92480833333333
33,CNH-HOSPITAL-1529,阿拉善盟合成人民医院,合成路1号,阿拉善盟-1529,中国,735400,内蒙古自治区,10000000000,合成人民医院,Synthetic,Yes,3,38.9604,101.58156666666667
34,CNH-HOSPITAL-2101,沈阳市合成人民医院,合成路1号,沈阳市-2101,中国,110000,辽宁省,10000000000,合成人民医院,Synthetic,Yes,3,41.9266,123.41529999999999
35,CNH-HOSPITAL-2102,大连市合成人民医院,合成路1号,大连市-2102,中国,116000,辽宁省,10000000000,合成人民医院,Synthetic,Yes,3,39.36611428571428,122.13137142857144
36,CNH-HOSPITAL-2103,鞍山市合成人民医院,合成路1号,鞍山市-2103,中国,114000,辽宁省,10000000000,合成人民医院,Synthetic,Yes,3,40.9876,122.868775
37,CNH-HOSPITAL-2104,抚顺市合成人民医院,合成路1号,抚顺市-2104,中国,113000,辽宁省,10000000000,合成人民医院,Synthetic,Yes,3,41.8867,123.9436
38,CNH-HOSPITAL-2105,本溪市合成人民医院,合成路1号,本溪市-2105,中国,117000,辽宁省,10000000000,合成人民医院,Synthetic,Yes,3,41.2886,123.765
39,CNH-HOSPITAL-2106,丹东市合成人民医院,合成路1号,丹东市-2106,中国,118000,辽宁省,10000000000,合成人民医院,Synthetic,Yes,3,40.2543,124.194075
40,CNH-HOSPITAL-2107,锦州市合成人民医院,合成路1号,锦州市-2107,中国,121100,辽宁省,10000000000,合成人民医院,Synthetic,Yes,3,41.000375,121.602575
41,CNH-HOSPITAL-2108,营口市合成人民医院,合成路1号,营口市-2108,中国,115000,辽宁省,10000000000,合成人民医院,Synthetic,Yes,3,40.556266666666666,122.45786666666667
42,CNH-HOSPITAL-2109,阜新市合成人民医院,合成路1号,阜新市-2109,中国,123000,辽宁省,10000000000,合成人民医院,Synthetic,Yes,3,42.0156,121.6589
43,CNH-HOSPITAL-2110,辽阳市合成人民医院,合成路1号,辽阳市-2110,中国,111000,辽宁省,10000000000,合成人民医院,Synthetic,Yes,3,41.353,123.2446
44,CNH-HOSPITAL-2111,盘锦市合成人民医院,合成路1号,盘锦市-2111,中国,124000,辽宁省,10000000000,合成人民医院,Synthetic,Yes,3,41.121,122.0739
45,CNH-HOSPITAL-2112,铁岭市合成人民医院,合成路1号,铁岭市-2112,中国,112000,辽宁省,10000000000,合成人民医院,Synthetic,Yes,3,42.45418333333333,124.04641666666667
46,CNH-HOSPITAL-2113,朝阳市合成人民医院,合成路1号,朝阳市-2113,中国,122000,辽宁省,10000000000,合成人民医院,Synthetic,Yes,3,41.534083333333335,120.21298333333334
47,CNH-HOSPITAL-2114,葫芦岛市合成人民医院,合成路1号,葫芦岛市-2114,中国,125000,辽宁省,10000000000,合成人民医院,Synthetic,Yes,3,40.684525,120.7761
48,CNH-HOSPITAL-2201,长春市合成人民医院,合成路1号,长春市-2201,中国,130000,吉林省,10000000000,合成人民医院,Synthetic,Yes,3,44.26186666666667,126.00764999999998
49,CNH-HOSPITAL-2202,吉林市合成人民医院,合成路1号,吉林市-2202,中国,132000,吉林省,10000000000,合成人民医院,Synthetic,Yes,3,43.7314,126.72483333333332
50,CNH-HOSPITAL-2203,四平市合成人民医院,合成路1号,四平市-2203,中国,130700,吉林省,10000000000,合成人民医院,Synthetic,Yes,3,43.4825,124.70801999999999
51,CNH-HOSPITAL-2204,辽源市合成人民医院,合成路1号,辽源市-2204,中国,136200,吉林省,10000000000,合成人民医院,Synthetic,Yes,3,43.138200000000005,124.68476666666668
52,CNH-HOSPITAL-2205,通化市合成人民医院,合成路1号,通化市-2205,中国,134000,吉林省,10000000000,合成人民医院,Synthetic,Yes,3,41.89078,125.96288
53,CNH-HOSPITAL-2206,白山市合成人民医院,合成路1号,白山市-2206,中国,134300,吉林省,10000000000,合成人民医院,Synthetic,Yes,3,41.79778,126.32235999999999
54,CNH-HOSPITAL-2207,松原市合成人民医院,合成路1号,松原市-2207,中国,131100,吉林省,10000000000,合成人民医院,Synthetic,Yes,3,45.26748,124.66385999999999
55,CNH-HOSPITAL-2208,白城市合成人民医院,合成路1号,白城市-2208,中国,131300,吉林省,10000000000,合成人民医院,Synthetic,Yes,3,45.4803,123.10704
56,CNH-HOSPITAL-2224,延边朝鲜族自治州合成人民医院,合成路1号,延边朝鲜族自治州-2224,中国,133000,吉林省,10000000000,合成人民医院,Synthetic,Yes,3,42.9968125,129.397325
57,CNH-HOSPITAL-2301,哈尔滨市合成人民医院,合成路1号,哈尔滨市-2301,中国,150000,黑龙江省,10000000000,合成人民医院,Synthetic,Yes,3,45.5448,127.2690923076923
58,CNH-HOSPITAL-2302,齐齐哈尔市合成人民医院,合成路1号,齐齐哈尔市-2302,中国,161000,黑龙江省,10000000000,合成人民医院,Synthetic,Yes,3,48.19229,124.75511
59,CNH-HOSPITAL-2304,鹤岗市合成人民医院,合成路1号,鹤岗市-2304,中国,154100,黑龙江省,10000000000,合成人民医院,Synthetic,Yes,3,47.20416666666667,131.22946666666667
60,CNH-HOSPITAL-2305,双鸭山市合成人民医院,合成路1号,双鸭山市-2305,中国,155000,黑龙江省,10000000000,合成人民医院,Synthetic,Yes,3,46.6769,131.1327
61,CNH-HOSPITAL-2306,大庆市合成人民医院,合成路1号,大庆市-2306,中国,151200,黑龙江省,10000000000,合成人民医院,Synthetic,Yes,3,47.04066,125.37468
62,CNH-HOSPITAL-2307,伊春市合成人民医院,合成路1号,伊春市-2307,中国,152500,黑龙江省,10000000000,合成人民医院,Synthetic,Yes,3,47.5349,128.668475
63,CNH-HOSPITAL-2308,佳木斯市合成人民医院,合成路1号,佳木斯市-2308,中国,154000,黑龙江省,10000000000,合成人民医院,Synthetic,Yes,3,47.1525625,131.6714125
64,CNH-HOSPITAL-2309,七台河市合成人民医院,合成路1号,七台河市-2309,中国,154500,黑龙江省,10000000000,合成人民医院,Synthetic,Yes,3,46.20275,130.7638
65,CNH-HOSPITAL-2310,牡丹江市合成人民医院,合成路1号,牡丹江市-2310,中国,157000,黑龙江省,10000000000,合成人民医院,Synthetic,Yes,3,44.439614285714285,129.979
66,CNH-HOSPITAL-2311,黑河市合成人民医院,合成路1号,黑河市-2311,中国,161400,黑龙江省,10000000000,合成人民医院,Synthetic,Yes,3,48.521150000000006,126.20261666666667
67,CNH-HOSPITAL-2312,绥化市合成人民医院,合成路1号,绥化市-2312,中国,151100,黑龙江省,10000000000,合成人民医院,Synthetic,Yes,3,46.6852,126.48270000000001
68,CNH-HOSPITAL-2327,大兴安岭地区合成人民医院,合成路1号,大兴安岭地区-2327,中国,165000,黑龙江省,10000000000,合成人民医院,Synthetic,Yes,3,48.0595,125.30829999999999
69,CNH-HOSPITAL-3201,南京市合成人民医院,合成路1号,南京市-3201,中国,210000,江苏省,10000000000,合成人民医院,Synthetic,Yes,3,32.24386666666666,119.10463333333333
70,CNH-HOSPITAL-3202,无锡市合成人民医院,合成路1号,无锡市-3202,中国,214000,江苏省,10000000000,合成人民医院,Synthetic,Yes,3,31.653579999999998,120.1378
71,CNH-HOSPITAL-3203,徐州市合成人民医院,合成路1号,徐州市-3203,中国,221000,江苏省,10000000000,合成人民医院,Synthetic,Yes,3,34.3,117.86011428571429
72,CNH-HOSPITAL-3204,常州市合成人民医院,合成路1号,常州市-3204,中国,213000,江苏省,10000000000,合成人民医院,Synthetic,Yes,3,31.600875,119.718775
73,CNH-HOSPITAL-3205,苏州市合成人民医院,合成路1号,苏州市-3205,中国,215000,江苏省,10000000000,合成人民医院,Synthetic,Yes,3,31.528114285714285,120.78492857142858
74,CNH-HOSPITAL-3206,南通市合成人民医院,合成路1号,南通市-3206,中国,226000,江苏省,10000000000,合成人民医院,Synthetic,Yes,3,32.132,120.97221428571429
75,CNH-HOSPITAL-3207,连云港市合成人民医院,合成路1号,连云港市-3207,中国,222000,江苏省,10000000000,合成人民医院,Synthetic,Yes,3,34.4325,119.10398
76,CNH-HOSPITAL-3208,淮安市合成人民医院,合成路1号,淮安市-3208,中国,211600,江苏省,10000000000,合成人民医院,Synthetic,Yes,3,33.31782857142857,118.8556
77,CNH-HOSPITAL-3209,盐城市合成人民医院,合成路1号,盐城市-3209,中国,224000,江苏省,10000000000,合成人民医院,Synthetic,Yes,3,33.1049,120.2334
78,CNH-HOSPITAL-3210,扬州市合成人民医院,合成路1号,扬州市-3210,中国,211400,江苏省,10000000000,合成人民医院,Synthetic,Yes,3,32.51926666666667,119.54631666666667
79,CNH-HOSPITAL-3211,镇江市合成人民医院,合成路1号,镇江市-3211,中国,212000,江苏省,10000000000,合成人民医院,Synthetic,Yes,3,32.0994,119.5036
80,CNH-HOSPITAL-3212,泰州市合成人民医院,合成路1号,泰州市-3212,中国,214500,江苏省,10000000000,合成人民医院,Synthetic,Yes,3,32.43296,119.95027999999999
81,CNH-HOSPITAL-3213,宿迁市合成人民医院,合成路1号,宿迁市-3213,中国,223600,江苏省,10000000000,合成人民医院,Synthetic,Yes,3,33.813975,118.567075
82,CNH-HOSPITAL-3301,杭州市合成人民医院,合成路1号,杭州市-3301,中国,310000,浙江省,10000000000,合成人民医院,Synthetic,Yes,3,29.904349999999997,119.8097
83,CNH-HOSPITAL-3302,宁波市合成人民医院,合成路1号,宁波市-3302,中国,315000,浙江省,10000000000,合成人民医院,Synthetic,Yes,3,29.8615,121.3684111111111
84,CNH-HOSPITAL-3303,温州市合成人民医院,合成路1号,温州市-3303,中国,325000,浙江省,10000000000,合成人民医院,Synthetic,Yes,3,27.964977777777776,120.76219999999999
85,CNH-HOSPITAL-3304,嘉兴市合成人民医院,合成路1号,嘉兴市-3304,中国,314000,浙江省,10000000000,合成人民医院,Synthetic,Yes,3,30.655783333333332,120.75208333333333
86,CNH-HOSPITAL-3305,湖州市合成人民医院,合成路1号,湖州市-3305,中国,313000,浙江省,10000000000,合成人民医院,Synthetic,Yes,3,30.8703,120.0933
87,CNH-HOSPITAL-3306,绍兴市合成人民医院,合成路1号,绍兴市-3306,中国,311800,浙江省,10000000000,合成人民医院,Synthetic,Yes,3,29.78304,120.6066
88,CNH-HOSPITAL-3307,金华市合成人民医院,合成路1号,金华市-3307,中国,321000,浙江省,10000000000,合成人民医院,Synthetic,Yes,3,29.179762500000002,119.9336625
89,CNH-HOSPITAL-3308,衢州市合成人民医院,合成路1号,衢州市-3308,中国,324000,浙江省,10000000000,合成人民医院,Synthetic,Yes,3,28.8493,118.74569999999999
90,CNH-HOSPITAL-3309,舟山市合成人民医院,合成路1号,舟山市-3309,中国,202400,浙江省,10000000000,合成人民医院,Synthetic,Yes,3,30.297075,122.0182
91,CNH-HOSPITAL-3310,台州市合成人民医院,合成路1号,台州市-3310,中国,317000,浙江省,10000000000,合成人民医院,Synthetic,Yes,3,28.655316666666668,121.24446666666667
92,CNH-HOSPITAL-3311,丽水市合成人民医院,合成路1号,丽水市-3311,中国,317300,浙江省,10000000000,合成人民医院,Synthetic,Yes,3,28.38482,119.7104
93,CNH-HOSPITAL-3401,合肥市合成人民医院,合成路1号,合肥市-3401,中国,230000,安徽省,10000000000,合成人民医院,Synthetic,Yes,3,31.27005,117.17371666666665
94,CNH-HOSPITAL-3402,芜湖市合成人民医院,合成路1号,芜湖市-3402,中国,241000,安徽省,10000000000,合成人民医院,Synthetic,Yes,3,31.0586,118.64274999999999
95,CNH-HOSPITAL-3403,蚌埠市合成人民医院,合成路1号,蚌埠市-3403,中国,233000,安徽省,10000000000,合成人民医院,Synthetic,Yes,3,32.9408,117.3608
96,CNH-HOSPITAL-3404,淮南市合成人民医院,合成路1号,淮南市-3404,中国,232000,安徽省,10000000000,合成人民医院,Synthetic,Yes,3,32.6264,116.9969
97,CNH-HOSPITAL-3405,马鞍山市合成人民医院,合成路1号,马鞍山市-3405,中国,238100,安徽省,10000000000,合成人民医院,Synthetic,Yes,3,31.6429,118.1884
98,CNH-HOSPITAL-3406,淮北市合成人民医院,合成路1号,淮北市-3406,中国,235000,安徽省,10000000000,合成人民医院,Synthetic,Yes,3,33.9744,116.7917
99,CNH-HOSPITAL-3407,铜陵市合成人民医院,合成路1号,铜陵市-3407,中国,244000,安徽省,10000000000,合成人民医院,Synthetic,Yes,3,30.95,117.7833
100,CNH-HOSPITAL-3408,安庆市合成人民医院,合成路1号,安庆市-3408,中国,231400,安徽省,10000000000,合成人民医院,Synthetic,Yes,3,30.609789999999997,117.11346
101,CNH-HOSPITAL-3410,黄山市合成人民医院,合成路1号,黄山市-3410,中国,242700,安徽省,10000000000,合成人民医院,Synthetic,Yes,3,29.891783333333333,118.40536666666668
102,CNH-HOSPITAL-3411,滁州市合成人民医院,合成路1号,滁州市-3411,中国,233100,安徽省,10000000000,合成人民医院,Synthetic,Yes,3,32.694300000000005,118.11995714285715
103,CNH-HOSPITAL-3412,阜阳市合成人民医院,合成路1号,阜阳市-3412,中国,236000,安徽省,10000000000,合成人民医院,Synthetic,Yes,3,33.0817,115.5889
104,CNH-HOSPITAL-3413,宿州市合成人民医院,合成路1号,宿州市-3413,中国,234000,安徽省,10000000000,合成人民医院,Synthetic,Yes,3,33.65646666666667,116.68483333333332
105,CNH-HOSPITAL-3415,六安市合成人民医院,合成路1号,六安市-3415,中国,231300,安徽省,10000000000,合成人民医院,Synthetic,Yes,3,31.5963,116.60826
106,CNH-HOSPITAL-3416,亳州市合成人民医院,合成路1号,亳州市-3416,中国,233500,安徽省,10000000000,合成人民医院,Synthetic,Yes,3,33.011250000000004,116.47485
107,CNH-HOSPITAL-3417,池州市合成人民医院,合成路1号,池州市-3417,中国,242800,安徽省,10000000000,合成人民医院,Synthetic,Yes,3,30.456925000000002,118.03444999999999
108,CNH-HOSPITAL-3418,宣城市合成人民医院,合成路1号,宣城市-3418,中国,242000,安徽省,10000000000,合成人民医院,Synthetic,Yes,3,30.639085714285716,118.79011428571428
109,CNH-HOSPITAL-3501,福州市合成人民医院,合成路1号,福州市-3501,中国,350000,福建省,10000000000,合成人民医院,Synthetic,Yes,3,25.918888888888887,119.3988
110,CNH-HOSPITAL-3502,厦门市合成人民医院,合成路1号,厦门市-3502,中国,361000,福建省,10000000000,合成人民医院,Synthetic,Yes,3,25.2174,117.8854
111,CNH-HOSPITAL-3503,莆田市合成人民医院,合成路1号,莆田市-3503,中国,351100,福建省,10000000000,合成人民医院,Synthetic,Yes,3,25.4394,119.0103
112,CNH-HOSPITAL-3504,三明市合成人民医院,合成路1号,三明市-3504,中国,353300,福建省,10000000000,合成人民医院,Synthetic,Yes,3,26.487545454545455,117.65382727272727
113,CNH-HOSPITAL-3505,泉州市合成人民医院,合成路1号,泉州市-3505,中国,362000,福建省,10000000000,合成人民医院,Synthetic,Yes,3,24.907114285714286,118.51527142857142
114,CNH-HOSPITAL-3506,漳州市合成人民医院,合成路1号,漳州市-3506,中国,363000,福建省,10000000000,合成人民医院,Synthetic,Yes,3,24.5133,117.6556
115,CNH-HOSPITAL-3507,南平市合成人民医院,合成路1号,南平市-3507,中国,353000,福建省,10000000000,合成人民医院,Synthetic,Yes,3,27.126089999999998,118.05054
116,CNH-HOSPITAL-3508,龙岩市合成人民医院,合成路1号,龙岩市-3508,中国,364000,福建省,10000000000,合成人民医院,Synthetic,Yes,3,25.328842857142856,117.11562857142857
117,CNH-HOSPITAL-3509,宁德市合成人民医院,合成路1号,宁德市-3509,中国,352100,福建省,10000000000,合成人民医院,Synthetic,Yes,3,27.026766666666667,119.79374444444444
118,CNH-HOSPITAL-3601,南昌市合成人民医院,合成路1号,南昌市-3601,中国,330000,江西省,10000000000,合成人民医院,Synthetic,Yes,3,28.288419999999995,115.25324
119,CNH-HOSPITAL-3602,景德镇市合成人民医院,合成路1号,景德镇市-3602,中国,333000,江西省,10000000000,合成人民医院,Synthetic,Yes,3,29.13145,117.1622
120,CNH-HOSPITAL-3603,萍乡市合成人民医院,合成路1号,萍乡市-3603,中国,337000,江西省,10000000000,合成人民医院,Synthetic,Yes,3,27.616699999999998,113.8535
121,CNH-HOSPITAL-3604,九江市合成人民医院,合成路1号,九江市-3604,中国,330300,江西省,10000000000,合成人民医院,Synthetic,Yes,3,29.404249999999998,115.63015833333333
122,CNH-HOSPITAL-3605,新余市合成人民医院,合成路1号,新余市-3605,中国,336500,江西省,10000000000,合成人民医院,Synthetic,Yes,3,27.83765,114.73445000000001
123,CNH-HOSPITAL-3606,鹰潭市合成人民医院,合成路1号,鹰潭市-3606,中国,335000,江西省,10000000000,合成人民医院,Synthetic,Yes,3,28.2333,117.0
124,CNH-HOSPITAL-3607,赣州市合成人民医院,合成路1号,赣州市-3607,中国,341000,江西省,10000000000,合成人民医院,Synthetic,Yes,3,25.86167058823529,115.38331764705882
125,CNH-HOSPITAL-3608,吉安市合成人民医院,合成路1号,吉安市-3608,中国,331300,江西省,10000000000,合成人民医院,Synthetic,Yes,3,27.067384615384615,115.09842307692308
126,CNH-HOSPITAL-3609,宜春市合成人民医院,合成路1号,宜春市-3609,中国,330600,江西省,10000000000,合成人民医院,Synthetic,Yes,3,27.959719999999997,114.80233000000001
127,CNH-HOSPITAL-3610,抚州市合成人民医院,合成路1号,抚州市-3610,中国,331800,江西省,10000000000,合成人民医院,Synthetic,Yes,3,27.997658333333334,116.33192499999998
128,CNH-HOSPITAL-3611,上饶市合成人民医院,合成路1号,上饶市-3611,中国,333100,江西省,10000000000,合成人民医院,Synthetic,Yes,3,28.695916666666665,117.53224166666666
129,CNH-HOSPITAL-3701,济南市合成人民医院,合成路1号,济南市-3701,中国,250000,山东省,10000000000,合成人民医院,Synthetic,Yes,3,36.689662500000004,117.1517125
130,CNH-HOSPITAL-3702,青岛市合成人民医院,合成路1号,青岛市-3702,中国,266000,山东省,10000000000,合成人民医院,Synthetic,Yes,3,36.4764125,120.26386250000002
131,CNH-HOSPITAL-3703,淄博市合成人民医院,合成路1号,淄博市-3703,中国,255000,山东省,10000000000,合成人民医院,Synthetic,Yes,3,37.0066375,118.045825
132,CNH-HOSPITAL-3704,枣庄市合成人民医院,合成路1号,枣庄市-3704,中国,277000,山东省,10000000000,合成人民医院,Synthetic,Yes,3,34.97412,117.37242
133,CNH-HOSPITAL-3705,东营市合成人民医院,合成路1号,东营市-3705,中国,257000,山东省,10000000000,合成人民医院,Synthetic,Yes,3,37.4627,118.4917
134,CNH-HOSPITAL-3706,烟台市合成人民医院,合成路1号,烟台市-3706,中国,261400,山东省,10000000000,合成人民医院,Synthetic,Yes,3,37.159318181818186,120.9357
135,CNH-HOSPITAL-3707,潍坊市合成人民医院,合成路1号,潍坊市-3707,中国,261000,山东省,10000000000,合成人民医院,Synthetic,Yes,3,36.592645454545455,119.18637272727271
136,CNH-HOSPITAL-3708,济宁市合成人民医院,合成路1号,济宁市-3708,中国,272000,山东省,10000000000,合成人民医院,Synthetic,Yes,3,35.391363636363636,116.76156363636363
137,CNH-HOSPITAL-3709,泰安市合成人民医院,合成路1号,泰安市-3709,中国,271000,山东省,10000000000,合成人民医院,Synthetic,Yes,3,36.119620000000005,117.25702
138,CNH-HOSPITAL-3710,威海市合成人民医院,合成路1号,威海市-3710,中国,264200,山东省,10000000000,合成人民医院,Synthetic,Yes,3,37.209875,121.98887500000001
139,CNH-HOSPITAL-3711,日照市合成人民医院,合成路1号,日照市-3711,中国,262300,山东省,10000000000,合成人民医院,Synthetic,Yes,3,36.07266666666666,118.89293333333335
140,CNH-HOSPITAL-3713,临沂市合成人民医院,合成路1号,临沂市-3713,中国,273300,山东省,10000000000,合成人民医院,Synthetic,Yes,3,35.976255555555554,117.83515555555556
141,CNH-HOSPITAL-3714,德州市合成人民医院,合成路1号,德州市-3714,中国,251100,山东省,10000000000,合成人民医院,Synthetic,Yes,3,37.39244166666666,116.76558333333332
142,CNH-HOSPITAL-3715,聊城市合成人民医院,合成路1号,聊城市-3715,中国,252000,山东省,10000000000,合成人民医院,Synthetic,Yes,3,36.6457875,115.8567
143,CNH-HOSPITAL-3716,滨州市合成人民医院,合成路1号,滨州市-3716,中国,251700,山东省,10000000000,合成人民医院,Synthetic,Yes,3,37.17997142857143,117.43392857142858
144,CNH-HOSPITAL-3717,菏泽市合成人民医院,合成路1号,菏泽市-3717,中国,274000,山东省,10000000000,合成人民医院,Synthetic,Yes,3,35.2393,115.4736
145,CNH-HOSPITAL-4101,郑州市合成人民医院,合成路1号,郑州市-4101,中国,450000,河南省,10000000000,合成人民医院,Synthetic,Yes,3,34.631685714285716,113.44945714285714
146,CNH-HOSPITAL-4102,开封市合成人民医院,合成路1号,开封市-4102,中国,452100,河南省,10000000000,合成人民医院,Synthetic,Yes,3,34.6977,113.93883333333333
147,CNH-HOSPITAL-4103,洛阳市合成人民医院,合成路1号,洛阳市-4103,中国,471000,河南省,10000000000,合成人民医院,Synthetic,Yes,3,34.6998,112.62461
148,CNH-HOSPITAL-4104,平顶山市合成人民医院,合成路1号,平顶山市-4104,中国,462500,河南省,10000000000,合成人民医院,Synthetic,Yes,3,33.85672857142857,113.13091428571428
149,CNH-HOSPITAL-4105,安阳市合成人民医院,合成路1号,安阳市-4105,中国,455000,河南省,10000000000,合成人民医院,Synthetic,Yes,3,35.9648,114.25593333333333
150,CNH-HOSPITAL-4106,鹤壁市合成人民医院,合成路1号,鹤壁市-4106,中国,456200,河南省,10000000000,合成人民医院,Synthetic,Yes,3,35.8992,114.1925
151,CNH-HOSPITAL-4107,新乡市合成人民医院,合成路1号,新乡市-4107,中国,453000,河南省,10000000000,合成人民医院,Synthetic,Yes,3,35.295775,114.225925
152,CNH-HOSPITAL-4108,焦作市合成人民医院,合成路1号,焦作市-4108,中国,454100,河南省,10000000000,合成人民医院,Synthetic,Yes,3,35.17558571428572,112.95315714285714
153,CNH-HOSPITAL-4109,濮阳市合成人民医院,合成路1号,濮阳市-4109,中国,457000,河南省,10000000000,合成人民医院,Synthetic,Yes,3,35.7051,115.0141
154,CNH-HOSPITAL-4110,许昌市合成人民医院,合成路1号,许昌市-4110,中国,461000,河南省,10000000000,合成人民医院,Synthetic,Yes,3,34.1247,113.81592
155,CNH-HOSPITAL-4111,漯河市合成人民医院,合成路1号,漯河市-4111,中国,462000,河南省,10000000000,合成人民医院,Synthetic,Yes,3,33.463625,113.848
156,CNH-HOSPITAL-4112,三门峡市合成人民医院,合成路1号,三门峡市-4112,中国,472000,河南省,10000000000,合成人民医院,Synthetic,Yes,3,34.631,111.3682
157,CNH-HOSPITAL-4113,南阳市合成人民医院,合成路1号,南阳市-4113,中国,473100,河南省,10000000000,合成人民医院,Synthetic,Yes,3,32.81240833333334,112.269775
158,CNH-HOSPITAL-4114,商丘市合成人民医院,合成路1号,商丘市-4114,中国,476100,河南省,10000000000,合成人民医院,Synthetic,Yes,3,34.1752,116.01011249999999
159,CNH-HOSPITAL-4115,信阳市合成人民医院,合成路1号,信阳市-4115,中国,464000,河南省,10000000000,合成人民医院,Synthetic,Yes,3,33.47904444444444,114.47325555555555
160,CNH-HOSPITAL-4116,周口市合成人民医院,合成路1号,周口市-4116,中国,452600,河南省,10000000000,合成人民医院,Synthetic,Yes,3,33.95905454545455,114.14120000000001
161,CNH-HOSPITAL-4117,驻马店市合成人民医院,合成路1号,驻马店市-4117,中国,462100,河南省,10000000000,合成人民医院,Synthetic,Yes,3,33.02948888888889,114.00203333333333
162,CNH-HOSPITAL-4201,武汉市合成人民医院,合成路1号,武汉市-4201,中国,430000,湖北省,10000000000,合成人民医院,Synthetic,Yes,3,30.747400000000003,113.87773999999999
163,CNH-HOSPITAL-4202,黄石市合成人民医院,合成路1号,黄石市-4202,中国,435000,湖北省,10000000000,合成人民医院,Synthetic,Yes,3,30.130233333333337,115.06053333333334
164,CNH-HOSPITAL-4203,十堰市合成人民医院,合成路1号,十堰市-4203,中国,442000,湖北省,10000000000,合成人民医院,Synthetic,Yes,3,32.39554285714286,111.03124285714286
165,CNH-HOSPITAL-4205,宜昌市合成人民医院,合成路1号,宜昌市-4205,中国,443000,湖北省,10000000000,合成人民医院,Synthetic,Yes,3,30.648133333333334,111.59322222222224
166,CNH-HOSPITAL-4206,襄阳市合成人民医院,合成路1号,襄阳市-4206,中国,441000,湖北省,10000000000,合成人民医院,Synthetic,Yes,3,31.832837499999997,112.4911125
167,CNH-HOSPITAL-4207,鄂州市合成人民医院,合成路1号,鄂州市-4207,中国,436000,湖北省,10000000000,合成人民医院,Synthetic,Yes,3,30.4904,113.7398
168,CNH-HOSPITAL-4208,荆门市合成人民医院,合成路1号,荆门市-4208,中国,431800,湖北省,10000000000,合成人民医院,Synthetic,Yes,3,31.035349999999998,112.4585
169,CNH-HOSPITAL-4209,孝感市合成人民医院,合成路1号,孝感市-4209,中国,432000,湖北省,10000000000,合成人民医院,Synthetic,Yes,3,31.00227142857143,113.73732857142858
170,CNH-HOSPITAL-4210,荆州市合成人民医院,合成路1号,荆州市-4210,中国,433200,湖北省,10000000000,合成人民医院,Synthetic,Yes,3,30.04852857142857,112.46430000000001
171,CNH-HOSPITAL-4211,黄冈市合成人民医院,合成路1号,黄冈市-4211,中国,435300,湖北省,10000000000,合成人民医院,Synthetic,Yes,3,30.540655555555556,115.06630000000001
172,CNH-HOSPITAL-4212,咸宁市合成人民医院,合成路1号,咸宁市-4212,中国,437000,湖北省,10000000000,合成人民医院,Synthetic,Yes,3,29.8609,113.97351666666667
173,CNH-HOSPITAL-4213,随州市合成人民医院,合成路1号,随州市-4213,中国,432700,湖北省,10000000000,合成人民医院,Synthetic,Yes,3,31.6636,113.58935000000001
174,CNH-HOSPITAL-4228,恩施土家族苗族自治州合成人民医院,合成路1号,恩施土家族苗族自治州-4228,中国,444300,湖北省,10000000000,合成人民医院,Synthetic,Yes,3,31.456487499999998,111.78028750000001
175,CNH-HOSPITAL-4301,长沙市合成人民医院,合成路1号,长沙市-4301,中国,410000,湖南省,10000000000,合成人民医院,Synthetic,Yes,3,28.042939999999998,112.87732000000001
176,CNH-HOSPITAL-4302,株洲市合成人民医院,合成路1号,株洲市-4302,中国,412000,湖南省,10000000000,合成人民医院,Synthetic,Yes,3,27.518716666666666,113.1108
177,CNH-HOSPITAL-4303,湘潭市合成人民医院,合成路1号,湘潭市-4303,中国,411100,湖南省,10000000000,合成人民医院,Synthetic,Yes,3,27.833325000000002,112.64999999999999
178,CNH-HOSPITAL-4304,衡阳市合成人民医院,合成路1号,衡阳市-4304,中国,421000,湖南省,10000000000,合成人民医院,Synthetic,Yes,3,26.832622222222223,112.66279999999999
179,CNH-HOSPITAL-4305,邵阳市合成人民医院,合成路1号,邵阳市-4305,中国,422000,湖南省,10000000000,合成人民医院,Synthetic,Yes,3,26.8122,110.79941111111111
180,CNH-HOSPITAL-4306,岳阳市合成人民医院,合成路1号,岳阳市-4306,中国,410400,湖南省,10000000000,合成人民医院,Synthetic,Yes,3,28.938585714285715,113.01848571428572
181,CNH-HOSPITAL-4307,常德市合成人民医院,合成路1号,常德市-4307,中国,415000,湖南省,10000000000,合成人民医院,Synthetic,Yes,3,29.0321,111.6984
182,CNH-HOSPITAL-4308,张家界市合成人民医院,合成路1号,张家界市-4308,中国,427000,湖南省,10000000000,合成人民医院,Synthetic,Yes,3,29.1294,110.4783
183,CNH-HOSPITAL-4309,益阳市合成人民医院,合成路1号,益阳市-4309,中国,413000,湖南省,10000000000,合成人民医院,Synthetic,Yes,3,28.7149,112.35118000000001
184,CNH-HOSPITAL-4310,郴州市合成人民医院,合成路1号,郴州市-4310,中国,423000,湖南省,10000000000,合成人民医院,Synthetic,Yes,3,26.317755555555557,112.53674444444444
185,CNH-HOSPITAL-4311,永州市合成人民医院,合成路1号,永州市-4311,中国,425000,湖南省,10000000000,合成人民医院,Synthetic,Yes,3,26.57698888888889,111.37907777777778
186,CNH-HOSPITAL-4312,怀化市合成人民医院,合成路1号,怀化市-4312,中国,418000,湖南省,10000000000,合成人民医院,Synthetic,Yes,3,27.641936363636365,111.1114909090909
187,CNH-HOSPITAL-4313,娄底市合成人民医院,合成路1号,娄底市-4313,中国,417000,湖南省,10000000000,合成人民医院,Synthetic,Yes,3,27.688383333333334,111.61035
188,CNH-HOSPITAL-4331,湘西土家族苗族自治州合成人民医院,合成路1号,湘西土家族苗族自治州-4331,中国,416000,湖南省,10000000000,合成人民医院,Synthetic,Yes,3,27.8963,112.0379
189,CNH-HOSPITAL-4401,广州市合成人民医院,合成路1号,广州市-4401,中国,510000,广东省,10000000000,合成人民医院,Synthetic,Yes,3,23.35002,113.16332
190,CNH-HOSPITAL-4402,韶关市合成人民医院,合成路1号,韶关市-4402,中国,511100,广东省,10000000000,合成人民医院,Synthetic,Yes,3,24.8505375,113.655675
191,CNH-HOSPITAL-4403,深圳市合成人民医院,合成路1号,深圳市-4403,中国,518000,广东省,10000000000,合成人民医院,Synthetic,Yes,3,22.663766666666668,114.1983
192,CNH-HOSPITAL-4404,珠海市合成人民医院,合成路1号,珠海市-4404,中国,519000,广东省,10000000000,合成人民医院,Synthetic,Yes,3,22.2769,113.56779999999999
193,CNH-HOSPITAL-4405,汕头市合成人民医院,合成路1号,汕头市-4405,中国,515000,广东省,10000000000,合成人民医院,Synthetic,Yes,3,23.3356,116.45312
194,CNH-HOSPITAL-4406,佛山市合成人民医院,合成路1号,佛山市-4406,中国,528000,广东省,10000000000,合成人民医院,Synthetic,Yes,3,22.82528,113.23054
195,CNH-HOSPITAL-4407,江门市合成人民医院,合成路1号,江门市-4407,中国,529000,广东省,10000000000,合成人民医院,Synthetic,Yes,3,22.40095,112.73293333333332
196,CNH-HOSPITAL-4408,湛江市合成人民医院,合成路1号,湛江市-4408,中国,524000,广东省,10000000000,合成人民医院,Synthetic,Yes,3,21.314266666666665,110.3785
197,CNH-HOSPITAL-4409,茂名市合成人民医院,合成路1号,茂名市-4409,中国,525000,广东省,10000000000,合成人民医院,Synthetic,Yes,3,21.89806,110.82530000000001
198,CNH-HOSPITAL-4412,肇庆市合成人民医院,合成路1号,肇庆市-4412,中国,526000,广东省,10000000000,合成人民医院,Synthetic,Yes,3,23.208485714285718,112.5733
199,CNH-HOSPITAL-4413,惠州市合成人民医院,合成路1号,惠州市-4413,中国,516000,广东省,10000000000,合成人民医院,Synthetic,Yes,3,22.979499999999998,114.99096
200,CNH-HOSPITAL-4414,梅州市合成人民医院,合成路1号,梅州市-4414,中国,514000,广东省,10000000000,合成人民医院,Synthetic,Yes,3,24.218414285714285,115.9202
201,CNH-HOSPITAL-4415,汕尾市合成人民医院,合成路1号,汕尾市-4415,中国,516400,广东省,10000000000,合成人民医院,Synthetic,Yes,3,22.905225,115.314825
202,CNH-HOSPITAL-4416,河源市合成人民医院,合成路1号,河源市-4416,中国,517000,广东省,10000000000,合成人民医院,Synthetic,Yes,3,23.7333,114.68329999999999
203,CNH-HOSPITAL-4417,阳江市合成人民医院,合成路1号,阳江市-4417,中国,529600,广东省,10000000000,合成人民医院,Synthetic,Yes,3,22.127466666666667,112.10516666666666
204,CNH-HOSPITAL-4418,清远市合成人民医院,合成路1号,清远市-4418,中国,511500,广东省,10000000000,合成人民医院,Synthetic,Yes,3,24.34805,113.03385
205,CNH-HOSPITAL-4419,东莞市合成人民医院,合成路1号,东莞市-4419,中国,523000,广东省,10000000000,合成人民医院,Synthetic,Yes,3,23.018,113.7487
206,CNH-HOSPITAL-4420,中山市合成人民医院,合成路1号,中山市-4420,中国,528400,广东省,10000000000,合成人民医院,Synthetic,Yes,3,22.5231,113.3791
207,CNH-HOSPITAL-4451,潮州市合成人民医院,合成路1号,潮州市-4451,中国,515600,广东省,10000000000,合成人民医院,Synthetic,Yes,3,23.439866666666664,116.49000000000001
208,CNH-HOSPITAL-4452,揭阳市合成人民医院,合成路1号,揭阳市-4452,中国,515200,广东省,10000000000,合成人民医院,Synthetic,Yes,3,23.370179999999998,116.36112
209,CNH-HOSPITAL-4453,云浮市合成人民医院,合成路1号,云浮市-4453,中国,527000,广东省,10000000000,合成人民医院,Synthetic,Yes,3,22.848699999999997,111.80348333333332
210,CNH-HOSPITAL-4501,南宁市合成人民医院,合成路1号,南宁市-4501,中国,530000,广西壮族自治区,10000000000,合成人民医院,Synthetic,Yes,3,22.744525,108.159925
211,CNH-HOSPITAL-4502,柳州市合成人民医院,合成路1号,柳州市-4502,中国,545000,广西壮族自治区,10000000000,合成人民医院,Synthetic,Yes,3,24.324100000000005,109.407
212,CNH-HOSPITAL-4503,桂林市合成人民医院,合成路1号,桂林市-4503,中国,541000,广西壮族自治区,10000000000,合成人民医院,Synthetic,Yes,3,25.00712727272727,110.46161818181818
213,CNH-HOSPITAL-4504,梧州市合成人民医院,合成路1号,梧州市-4504,中国,541300,广西壮族自治区,10000000000,合成人民医院,Synthetic,Yes,3,23.903414285714284,110.62132857142858
214,CNH-HOSPITAL-4505,北海市合成人民医院,合成路1号,北海市-4505,中国,536000,广西壮族自治区,10000000000,合成人民医院,Synthetic,Yes,3,21.4835,109.11549999999998
215,CNH-HOSPITAL-4506,防城港市合成人民医院,合成路1号,防城港市-4506,中国,535500,广西壮族自治区,10000000000,合成人民医院,Synthetic,Yes,3,21.881433333333334,108.32893333333334
216,CNH-HOSPITAL-4507,钦州市合成人民医院,合成路1号,钦州市-4507,中国,535000,广西壮族自治区,10000000000,合成人民医院,Synthetic,Yes,3,21.9825,108.6506
217,CNH-HOSPITAL-4508,贵港市合成人民医院,合成路1号,贵港市-4508,中国,537100,广西壮族自治区,10000000000,合成人民医院,Synthetic,Yes,3,23.157633333333333,109.90343333333334
218,CNH-HOSPITAL-4509,玉林市合成人民医院,合成路1号,玉林市-4509,中国,537000,广西壮族自治区,10000000000,合成人民医院,Synthetic,Yes,3,22.86435,110.11021666666666
219,CNH-HOSPITAL-4510,百色市合成人民医院,合成路1号,百色市-4510,中国,531400,广西壮族自治区,10000000000,合成人民医院,Synthetic,Yes,3,23.350516666666667,106.8402
220,CNH-HOSPITAL-4511,贺州市合成人民医院,合成路1号,贺州市-4511,中国,542600,广西壮族自治区,10000000000,合成人民医院,Synthetic,Yes,3,24.2855,110.94775
221,CNH-HOSPITAL-4512,河池市合成人民医院,合成路1号,河池市-4512,中国,530700,广西壮族自治区,10000000000,合成人民医院,Synthetic,Yes,3,24.22214,108.28934999999998
222,CNH-HOSPITAL-4513,来宾市合成人民医院,合成路1号,来宾市-4513,中国,545700,广西壮族自治区,10000000000,合成人民医院,Synthetic,Yes,3,24.032866666666667,109.31946666666666
223,CNH-HOSPITAL-4514,崇左市合成人民医院,合成路1号,崇左市-4514,中国,532100,广西壮族自治区,10000000000,合成人民医院,Synthetic,Yes,3,22.239285714285714,107.0625
224,CNH-HOSPITAL-4601,海口市合成人民医院,合成路1号,海口市-4601,中国,570000,海南省,10000000000,合成人民医院,Synthetic,Yes,3,19.65645,110.327
225,CNH-HOSPITAL-4602,三亚市合成人民医院,合成路1号,三亚市-4602,中国,572000,海南省,10000000000,合成人民医院,Synthetic,Yes,3,18.2543,109.5095
226,CNH-HOSPITAL-4603,三沙市合成人民医院,合成路1号,三沙市-4603,中国,573100,海南省,10000000000,合成人民医院,Synthetic,Yes,3,16.8391,112.3406
227,CNH-HOSPITAL-4604,儋州市合成人民医院,合成路1号,儋州市-4604,中国,571700,海南省,10000000000,合成人民医院,Synthetic,Yes,3,19.2163,109.93725
228,CNH-HOSPITAL-5101,成都市合成人民医院,合成路1号,成都市-5101,中国,610000,四川省,10000000000,合成人民医院,Synthetic,Yes,3,30.750026666666663,104.09702666666668
229,CNH-HOSPITAL-5103,自贡市合成人民医院,合成路1号,自贡市-5103,中国,643000,四川省,10000000000,合成人民医院,Synthetic,Yes,3,29.3416,104.7769
230,CNH-HOSPITAL-5104,攀枝花市合成人民医院,合成路1号,攀枝花市-5104,中国,617000,四川省,10000000000,合成人民医院,Synthetic,Yes,3,30.8018,104.1426
231,CNH-HOSPITAL-5105,泸州市合成人民医院,合成路1号,泸州市-5105,中国,646000,四川省,10000000000,合成人民医院,Synthetic,Yes,3,28.890299999999996,105.42569999999999
232,CNH-HOSPITAL-5106,德阳市合成人民医院,合成路1号,德阳市-5106,中国,618000,四川省,10000000000,合成人民医院,Synthetic,Yes,3,31.145416666666662,104.2563
233,CNH-HOSPITAL-5107,绵阳市合成人民医院,合成路1号,绵阳市-5107,中国,621000,四川省,10000000000,合成人民医院,Synthetic,Yes,3,32.01515,104.61895
234,CNH-HOSPITAL-5108,广元市合成人民医院,合成路1号,广元市-5108,中国,628000,四川省,10000000000,合成人民医院,Synthetic,Yes,3,32.442,105.823
235,CNH-HOSPITAL-5109,遂宁市合成人民医院,合成路1号,遂宁市-5109,中国,629000,四川省,10000000000,合成人民医院,Synthetic,Yes,3,30.508,105.5733
236,CNH-HOSPITAL-5110,内江市合成人民医院,合成路1号,内江市-5110,中国,641000,四川省,10000000000,合成人民医院,Synthetic,Yes,3,29.8741,104.81504
237,CNH-HOSPITAL-5111,乐山市合成人民医院,合成路1号,乐山市-5111,中国,613100,四川省,10000000000,合成人民医院,Synthetic,Yes,3,29.67498181818182,103.79832727272728
238,CNH-HOSPITAL-5113,南充市合成人民医院,合成路1号,南充市-5113,中国,637000,四川省,10000000000,合成人民医院,Synthetic,Yes,3,31.510533333333335,106.01806666666666
239,CNH-HOSPITAL-5114,眉山市合成人民医院,合成路1号,眉山市-5114,中国,620000,四川省,10000000000,合成人民医院,Synthetic,Yes,3,30.043899999999997,103.837
240,CNH-HOSPITAL-5115,宜宾市合成人民医院,合成路1号,宜宾市-5115,中国,644000,四川省,10000000000,合成人民医院,Synthetic,Yes,3,29.083599999999997,104.67211999999999
241,CNH-HOSPITAL-5116,广安市合成人民医院,合成路1号,广安市-5116,中国,638000,四川省,10000000000,合成人民医院,Synthetic,Yes,3,30.4243,106.70482
242,CNH-HOSPITAL-5117,达州市合成人民医院,合成路1号,达州市-5117,中国,635000,四川省,10000000000,合成人民医院,Synthetic,Yes,3,31.640249999999998,107.74934999999999
243,CNH-HOSPITAL-5118,雅安市合成人民医院,合成路1号,雅安市-5118,中国,625000,四川省,10000000000,合成人民医院,Synthetic,Yes,3,29.9852,102.999
244,CNH-HOSPITAL-5119,巴中市合成人民医院,合成路1号,巴中市-5119,中国,635600,四川省,10000000000,合成人民医院,Synthetic,Yes,3,31.783466666666666,107.84476666666667
245,CNH-HOSPITAL-5120,资阳市合成人民医院,合成路1号,资阳市-5120,中国,641300,四川省,10000000000,合成人民医院,Synthetic,Yes,3,30.1447,104.6642
246,CNH-HOSPITAL-5132,阿坝藏族羌族自治州合成人民医院,合成路1号,阿坝藏族羌族自治州-5132,中国,623000,四川省,10000000000,合成人民医院,Synthetic,Yes,3,31.96849230769231,103.04968461538462
247,CNH-HOSPITAL-5133,甘孜藏族自治州合成人民医院,合成路1号,甘孜藏族自治州-5133,中国,626000,四川省,10000000000,合成人民医院,Synthetic,Yes,3,31.5591,103.9114
248,CNH-HOSPITAL-5134,凉山彝族自治州合成人民医院,合成路1号,凉山彝族自治州-5134,中国,615000,四川省,10000000000,合成人民医院,Synthetic,Yes,3,30.801799999999997,104.1426
249,CNH-HOSPITAL-5201,贵阳市合成人民医院,合成路1号,贵阳市-5201,中国,550000,贵州省,10000000000,合成人民医院,Synthetic,Yes,3,26.66854,106.6653
250,CNH-HOSPITAL-5202,六盘水市合成人民医院,合成路1号,六盘水市-5202,中国,553000,贵州省,10000000000,合成人民医院,Synthetic,Yes,3,26.776466666666664,104.66276666666666
251,CNH-HOSPITAL-5203,遵义市合成人民医院,合成路1号,遵义市-5203,中国,563000,贵州省,10000000000,合成人民医院,Synthetic,Yes,3,27.96093076923077,106.44886153846154
252,CNH-HOSPITAL-5204,安顺市合成人民医院,合成路1号,安顺市-5204,中国,550800,贵州省,10000000000,合成人民医院,Synthetic,Yes,3,26.122983333333334,105.96215000000001
253,CNH-HOSPITAL-5205,毕节市合成人民医院,合成路1号,毕节市-5205,中国,551500,贵州省,10000000000,合成人民医院,Synthetic,Yes,3,26.967414285714284,105.24857142857142
254,CNH-HOSPITAL-5206,铜仁市合成人民医院,合成路1号,铜仁市-5206,中国,554000,贵州省,10000000000,合成人民医院,Synthetic,Yes,3,26.737199999999998,106.57878000000001
255,CNH-HOSPITAL-5223,黔西南布依族苗族自治州合成人民医院,合成路1号,黔西南布依族苗族自治州-5223,中国,552200,贵州省,10000000000,合成人民医院,Synthetic,Yes,3,26.001975,105.6572625
256,CNH-HOSPITAL-5226,黔东南苗族侗族自治州合成人民医院,合成路1号,黔东南苗族侗族自治州-5226,中国,556000,贵州省,10000000000,合成人民医院,Synthetic,Yes,3,26.827786666666665,107.11578
257,CNH-HOSPITAL-5227,黔南布依族苗族自治州合成人民医院,合成路1号,黔南布依族苗族自治州-5227,中国,550100,贵州省,10000000000,合成人民医院,Synthetic,Yes,3,26.735899999999997,106.57972500000001
258,CNH-HOSPITAL-5301,昆明市合成人民医院,合成路1号,昆明市-5301,中国,650000,云南省,10000000000,合成人民医院,Synthetic,Yes,3,25.342292857142855,102.83017857142858
259,CNH-HOSPITAL-5303,曲靖市合成人民医院,合成路1号,曲靖市-5303,中国,654200,云南省,10000000000,合成人民医院,Synthetic,Yes,3,25.48245,103.470975
260,CNH-HOSPITAL-5304,玉溪市合成人民医院,合成路1号,玉溪市-5304,中国,651100,云南省,10000000000,合成人民医院,Synthetic,Yes,3,24.98176,102.31944999999999
261,CNH-HOSPITAL-5305,保山市合成人民医院,合成路1号,保山市-5305,中国,673400,云南省,10000000000,合成人民医院,Synthetic,Yes,3,25.127816666666668,98.89608333333334
262,CNH-HOSPITAL-5306,昭通市合成人民医院,合成路1号,昭通市-5306,中国,654600,云南省,10000000000,合成人民医院,Synthetic,Yes,3,27.112233333333336,103.44647777777779
263,CNH-HOSPITAL-5307,丽江市合成人民医院,合成路1号,丽江市-5307,中国,674100,云南省,10000000000,合成人民医院,Synthetic,Yes,3,26.8688,100.2207
264,CNH-HOSPITAL-5308,普洱市合成人民医院,合成路1号,普洱市-5308,中国,654800,云南省,10000000000,合成人民医院,Synthetic,Yes,3,25.4765,101.2847
265,CNH-HOSPITAL-5309,临沧市合成人民医院,合成路1号,临沧市-5309,中国,675800,云南省,10000000000,合成人民医院,Synthetic,Yes,3,24.218925,99.88355
266,CNH-HOSPITAL-5323,楚雄彝族自治州合成人民医院,合成路1号,楚雄彝族自治州-5323,中国,651200,云南省,10000000000,合成人民医院,Synthetic,Yes,3,25.31484,100.65241999999999
267,CNH-HOSPITAL-5325,红河哈尼族彝族自治州合成人民医院,合成路1号,红河哈尼族彝族自治州-5325,中国,652300,云南省,10000000000,合成人民医院,Synthetic,Yes,3,24.121623076923076,102.85674615384616
268,CNH-HOSPITAL-5326,文山壮族苗族自治州合成人民医院,合成路1号,文山壮族苗族自治州-5326,中国,663000,云南省,10000000000,合成人民医院,Synthetic,Yes,3,23.5293,103.2287
269,CNH-HOSPITAL-5329,大理白族自治州合成人民医院,合成路1号,大理白族自治州-5329,中国,671000,云南省,10000000000,合成人民医院,Synthetic,Yes,3,25.2366,99.2507
270,CNH-HOSPITAL-5331,德宏傣族景颇族自治州合成人民医院,合成路1号,德宏傣族景颇族自治州-5331,中国,678400,云南省,10000000000,合成人民医院,Synthetic,Yes,3,24.908800000000003,98.76102
271,CNH-HOSPITAL-5333,怒江傈僳族自治州合成人民医院,合成路1号,怒江傈僳族自治州-5333,中国,671400,云南省,10000000000,合成人民医院,Synthetic,Yes,3,25.7276,98.96583333333334
272,CNH-HOSPITAL-5334,迪庆藏族自治州合成人民医院,合成路1号,迪庆藏族自治州-5334,中国,674400,云南省,10000000000,合成人民医院,Synthetic,Yes,3,26.868800000000004,100.22070000000001
273,CNH-HOSPITAL-5401,拉萨市合成人民医院,合成路1号,拉萨市-5401,中国,850000,西藏自治区,10000000000,合成人民医院,Synthetic,Yes,3,30.041457142857144,91.30511428571428
274,CNH-HOSPITAL-5402,日喀则市合成人民医院,合成路1号,日喀则市-5402,中国,854700,西藏自治区,10000000000,合成人民医院,Synthetic,Yes,3,30.5634,91.5786
275,CNH-HOSPITAL-5403,昌都市合成人民医院,合成路1号,昌都市-5403,中国,854000,西藏自治区,10000000000,合成人民医院,Synthetic,Yes,3,30.5634,91.5786
276,CNH-HOSPITAL-5404,林芝市合成人民医院,合成路1号,林芝市-5404,中国,860100,西藏自治区,10000000000,合成人民医院,Synthetic,Yes,3,29.365257142857143,94.62595714285715
277,CNH-HOSPITAL-5405,山南市合成人民医院,合成路1号,山南市-5405,中国,850700,西藏自治区,10000000000,合成人民医院,Synthetic,Yes,3,30.41116666666667,91.49883333333332
278,CNH-HOSPITAL-5406,那曲市合成人民医院,合成路1号,那曲市-5406,中国,852000,西藏自治区,10000000000,合成人民医院,Synthetic,Yes,3,31.111439999999998,91.86582
279,CNH-HOSPITAL-5425,阿里地区合成人民医院,合成路1号,阿里地区-5425,中国,859000,西藏自治区,10000000000,合成人民医院,Synthetic,Yes,3,30.5634,91.57859999999998
280,CNH-HOSPITAL-6101,西安市合成人民医院,合成路1号,西安市-6101,中国,710000,陕西省,10000000000,合成人民医院,Synthetic,Yes,3,34.2583,108.9286
281,CNH-HOSPITAL-6102,铜川市合成人民医院,合成路1号,铜川市-6102,中国,727000,陕西省,10000000000,合成人民医院,Synthetic,Yes,3,34.8988,108.9506
282,CNH-HOSPITAL-6103,宝鸡市合成人民医院,合成路1号,宝鸡市-6103,中国,721000,陕西省,10000000000,合成人民医院,Synthetic,Yes,3,34.205372727272724,107.65815454545454
283,CNH-HOSPITAL-6104,咸阳市合成人民医院,合成路1号,咸阳市-6104,中国,711200,陕西省,10000000000,合成人民医院,Synthetic,Yes,3,34.03836666666667,108.797275
284,CNH-HOSPITAL-6105,渭南市合成人民医院,合成路1号,渭南市-6105,中国,711700,陕西省,10000000000,合成人民医院,Synthetic,Yes,3,34.980525,109.34578333333333
285,CNH-HOSPITAL-6106,延安市合成人民医院,合成路1号,延安市-6106,中国,715700,陕西省,10000000000,合成人民医院,Synthetic,Yes,3,35.484869230769235,109.20049999999999
286,CNH-HOSPITAL-6107,汉中市合成人民医院,合成路1号,汉中市-6107,中国,723000,陕西省,10000000000,合成人民医院,Synthetic,Yes,3,33.33044545454545,107.5434818181818
287,CNH-HOSPITAL-6108,榆林市合成人民医院,合成路1号,榆林市-6108,中国,718000,陕西省,10000000000,合成人民医院,Synthetic,Yes,3,36.52243333333333,109.413925
288,CNH-HOSPITAL-6109,安康市合成人民医院,合成路1号,安康市-6109,中国,711600,陕西省,10000000000,合成人民医院,Synthetic,Yes,3,32.93786,109.03376
289,CNH-HOSPITAL-6110,商洛市合成人民医院,合成路1号,商洛市-6110,中国,711400,陕西省,10000000000,合成人民医院,Synthetic,Yes,3,34.264385714285716,109.71694285714285
290,CNH-HOSPITAL-6201,兰州市合成人民医院,合成路1号,兰州市-6201,中国,730000,甘肃省,10000000000,合成人民医院,Synthetic,Yes,3,36.24075,103.963725
291,CNH-HOSPITAL-6202,嘉峪关市合成人民医院,合成路1号,嘉峪关市-6202,中国,735100,甘肃省,10000000000,合成人民医院,Synthetic,Yes,3,39.8112,98.2862
292,CNH-HOSPITAL-6203,金昌市合成人民医院,合成路1号,金昌市-6203,中国,737100,甘肃省,10000000000,合成人民医院,Synthetic,Yes,3,38.6246,100.1084
293,CNH-HOSPITAL-6204,白银市合成人民医院,合成路1号,白银市-6204,中国,730400,甘肃省,10000000000,合成人民医院,Synthetic,Yes,3,36.180475,104.2008
294,CNH-HOSPITAL-6205,天水市合成人民医院,合成路1号,天水市-6205,中国,741000,甘肃省,10000000000,合成人民医院,Synthetic,Yes,3,34.568599999999996,105.8933
295,CNH-HOSPITAL-6206,武威市合成人民医院,合成路1号,武威市-6206,中国,733000,甘肃省,10000000000,合成人民医院,Synthetic,Yes,3,37.9267,102.632
296,CNH-HOSPITAL-6207,张掖市合成人民医院,合成路1号,张掖市-6207,中国,734000,甘肃省,10000000000,合成人民医院,Synthetic,Yes,3,38.9342,100.4517
297,CNH-HOSPITAL-6208,平凉市合成人民医院,合成路1号,平凉市-6208,中国,741600,甘肃省,10000000000,合成人民医院,Synthetic,Yes,3,35.40507142857143,106.27811428571428
298,CNH-HOSPITAL-6209,酒泉市合成人民医院,合成路1号,酒泉市-6209,中国,735000,甘肃省,10000000000,合成人民医院,Synthetic,Yes,3,40.09337142857142,95.98127142857143
299,CNH-HOSPITAL-6210,庆阳市合成人民医院,合成路1号,庆阳市-6210,中国,744500,甘肃省,10000000000,合成人民医院,Synthetic,Yes,3,35.688475000000004,107.5247
300,CNH-HOSPITAL-6211,定西市合成人民医院,合成路1号,定西市-6211,中国,730500,甘肃省,10000000000,合成人民医院,Synthetic,Yes,3,35.324714285714286,105.29459999999999
301,CNH-HOSPITAL-6212,陇南市合成人民医院,合成路1号,陇南市-6212,中国,742100,甘肃省,10000000000,合成人民医院,Synthetic,Yes,3,34.43749999999999,105.60753333333332
302,CNH-HOSPITAL-6229,临夏回族自治州合成人民医院,合成路1号,临夏回族自治州-6229,中国,731100,甘肃省,10000000000,合成人民医院,Synthetic,Yes,3,38.6246,100.1084
303,CNH-HOSPITAL-6230,甘南藏族自治州合成人民医院,合成路1号,甘南藏族自治州-6230,中国,746300,甘肃省,10000000000,合成人民医院,Synthetic,Yes,3,34.762375,105.82332500000001
304,CNH-HOSPITAL-6301,西宁市合成人民医院,合成路1号,西宁市-6301,中国,810000,青海省,10000000000,合成人民医院,Synthetic,Yes,3,37.7106,93.8238
305,CNH-HOSPITAL-6302,海东市合成人民医院,合成路1号,海东市-6302,中国,810500,青海省,10000000000,合成人民医院,Synthetic,Yes,3,37.7106,93.8238
306,CNH-HOSPITAL-6322,海北藏族自治州合成人民医院,合成路1号,海北藏族自治州-6322,中国,810300,青海省,10000000000,合成人民医院,Synthetic,Yes,3,37.7106,93.82379999999999
307,CNH-HOSPITAL-6323,黄南藏族自治州合成人民医院,合成路1号,黄南藏族自治州-6323,中国,811200,青海省,10000000000,合成人民医院,Synthetic,Yes,3,37.7106,93.8238
308,CNH-HOSPITAL-6325,海南藏族自治州合成人民医院,合成路1号,海南藏族自治州-6325,中国,811800,青海省,10000000000,合成人民医院,Synthetic,Yes,3,37.7106,93.8238
309,CNH-HOSPITAL-6326,果洛藏族自治州合成人民医院,合成路1号,果洛藏族自治州-6326,中国,624700,青海省,10000000000,合成人民医院,Synthetic,Yes,3,36.81206666666667,95.23835000000001
310,CNH-HOSPITAL-6327,玉树藏族自治州合成人民医院,合成路1号,玉树藏族自治州-6327,中国,815000,青海省,10000000000,合成人民医院,Synthetic,Yes,3,37.7106,93.8238
311,CNH-HOSPITAL-6328,海西蒙古族藏族自治州合成人民医院,合成路1号,海西蒙古族藏族自治州-6328,中国,816000,青海省,10000000000,合成人民医院,Synthetic,Yes,3,37.69302857142857,93.61292857142857
312,CNH-HOSPITAL-6401,银川市合成人民医院,合成路1号,银川市-6401,中国,750000,宁夏回族自治区,10000000000,合成人民医院,Synthetic,Yes,3,38.477199999999996,106.24445
313,CNH-HOSPITAL-6402,石嘴山市合成人民医院,合成路1号,石嘴山市-6402,中国,753000,宁夏回族自治区,10000000000,合成人民医院,Synthetic,Yes,3,38.9808,106.3892
314,CNH-HOSPITAL-6403,吴忠市合成人民医院,合成路1号,吴忠市-6403,中国,751100,宁夏回族自治区,10000000000,合成人民医院,Synthetic,Yes,3,38.02225,106.254775
315,CNH-HOSPITAL-6404,固原市合成人民医院,合成路1号,固原市-6404,中国,756000,宁夏回族自治区,10000000000,合成人民医院,Synthetic,Yes,3,36.0067,106.2808
316,CNH-HOSPITAL-6405,中卫市合成人民医院,合成路1号,中卫市-6405,中国,755000,宁夏回族自治区,10000000000,合成人民医院,Synthetic,Yes,3,37.5113,105.1907
317,CNH-HOSPITAL-6501,乌鲁木齐市合成人民医院,合成路1号,乌鲁木齐市-6501,中国,830000,新疆维吾尔自治区,10000000000,合成人民医院,Synthetic,Yes,3,43.801,87.6005
318,CNH-HOSPITAL-6502,克拉玛依市合成人民医院,合成路1号,克拉玛依市-6502,中国,834000,新疆维吾尔自治区,10000000000,合成人民医院,Synthetic,Yes,3,45.5847,84.8872
319,CNH-HOSPITAL-6505,哈密市合成人民医院,合成路1号,哈密市-6505,中国,839000,新疆维吾尔自治区,10000000000,合成人民医院,Synthetic,Yes,3,44.6559,84.9498
320,CNH-HOSPITAL-6523,昌吉回族自治州合成人民医院,合成路1号,昌吉回族自治州-6523,中国,831100,新疆维吾尔自治区,10000000000,合成人民医院,Synthetic,Yes,3,44.18071428571428,87.53587142857144
321,CNH-HOSPITAL-6527,博尔塔拉蒙古自治州合成人民医院,合成路1号,博尔塔拉蒙古自治州-6527,中国,817300,新疆维吾尔自治区,10000000000,合成人民医院,Synthetic,Yes,3,44.691424999999995,82.9894
322,CNH-HOSPITAL-6528,巴音郭楞蒙古自治州合成人民医院,合成路1号,巴音郭楞蒙古自治州-6528,中国,841000,新疆维吾尔自治区,10000000000,合成人民医院,Synthetic,Yes,3,39.0638,76.706
323,CNH-HOSPITAL-6529,阿克苏地区合成人民医院,合成路1号,阿克苏地区-6529,中国,842000,新疆维吾尔自治区,10000000000,合成人民医院,Synthetic,Yes,3,39.0638,76.706
324,CNH-HOSPITAL-6530,克孜勒苏柯尔克孜自治州合成人民医院,合成路1号,克孜勒苏柯尔克孜自治州-6530,中国,843500,新疆维吾尔自治区,10000000000,合成人民医院,Synthetic,Yes,3,39.549125000000004,76.30505000000001
325,CNH-HOSPITAL-6531,喀什地区合成人民医院,合成路1号,喀什地区-6531,中国,843800,新疆维吾尔自治区,10000000000,合成人民医院,Synthetic,Yes,3,38.578475,77.10695
326,CNH-HOSPITAL-6532,和田地区合成人民医院,合成路1号,和田地区-6532,中国,845100,新疆维吾尔自治区,10000000000,合成人民医院,Synthetic,Yes,3,39.156242857142864,76.62962857142858
327,CNH-HOSPITAL-6540,伊犁哈萨克自治州合成人民医院,合成路1号,伊犁哈萨克自治州-6540,中国,833200,新疆维吾尔自治区,10000000000,合成人民医院,Synthetic,Yes,3,43.989619999999995,80.99002
328,CNH-HOSPITAL-6542,塔城地区合成人民医院,合成路1号,塔城地区-6542,中国,832100,新疆维吾尔自治区,10000000000,合成人民医院,Synthetic,Yes,3,45.734100000000005,84.19474285714286
329,CNH-HOSPITAL-6543,阿勒泰地区合成人民医院,合成路1号,阿勒泰地区-6543,中国,836100,新疆维吾尔自治区,10000000000,合成人民医院,Synthetic,Yes,3,44.6559,84.9498
