,USPS,ST,NAME,ZCTA5,LAT,LON
0,中国,CN,石家庄市-1301,050000,37.995273684210524,114.82667368421052
1,中国,CN,唐山市-1302,063000,39.83180909090909,118.10159090909092
2,中国,CN,秦皇岛市-1303,066000,39.9317,119.5883
3,中国,CN,邯郸市-1304,056000,36.751740000000005,114.87992666666666
4,中国,CN,邢台市-1305,051600,37.20625555555556,114.88378333333333
5,中国,CN,保定市-1306,071000,38.86755,115.46488636363637
6,中国,CN,张家口市-1307,075000,39.58930625,114.8655125
7,中国,CN,承德市-1308,067000,40.3767,117.75330909090908
8,中国,CN,沧州市-1309,061000,38.3658,116.77623846153845
9,中国,CN,廊坊市-1310,065000,39.5208,116.7147
10,中国,CN,衡水市-1311,052600,37.84518181818182,115.76205454545453
11,中国,CN,太原市-1401,030000,37.8872,112.3471
12,中国,CN,大同市-1402,034400,39.329225,112.9620375
13,中国,CN,阳泉市-1403,045000,37.8575,113.56329999999998
14,中国,CN,长治市-1404,046000,36.2023375,113.1201875
15,中国,CN,晋城市-1405,048000,35.647774999999996,112.875
16,中国,CN,朔州市-1406,036000,38.606950000000005,112.39954999999999
17,中国,CN,晋中市-1407,030600,37.420063636363636,112.23157272727272
18,中国,CN,运城市-1408,043100,35.2623,110.70810833333333
19,中国,CN,忻州市-1409,034000,38.748735714285715,112.47497857142857
20,中国,CN,临汾市-1410,031400,36.66688823529412,111.72461176470588
21,中国,CN,吕梁市-1411,030500,37.615707692307694,112.08211538461539
22,中国,CN,呼和浩特市-1501,010000,41.69545,111.74435
23,中国,CN,包头市-1502,014000,40.651599999999995,109.8439
24,中国,CN,乌海市-1503,016000,39.6844,106.8158
25,中国,CN,赤峰市-1504,024000,44.81905,119.30345
26,中国,CN,通辽市-1505,028000,44.1163125,121.5275125
27,中国,CN,鄂尔多斯市-1506,010300,39.62583333333333,109.54296666666667
28,中国,CN,呼伦贝尔市-1507,021000,49.266974999999995,120.25976666666666
29,中国,CN,巴彦淖尔市-1508,014400,40.41801666666667,110.22531666666667
30,中国,CN,乌兰察布市-1509,011800,40.63187272727272,111.72008181818181
31,中国,CN,兴安盟-1522,137400,45.4754,122.8088
32,中国,CN,锡林郭勒盟-1525,011100,45.678149999999995,116.92480833333333
33,中国,CN,阿拉善盟-1529,735400,38.9604,101.58156666666667
34,中国,CN,沈阳市-2101,110000,41.9266,123.41529999999999
35,中国,CN,大连市-2102,116000,39.36611428571428,122.13137142857144
36,中国,CN,鞍山市-2103,114000,40.9876,122.868775
37,中国,CN,抚顺市-2104,113000,41.8867,123.9436
38,中国,CN,本溪市-2105,117000,41.2886,123.765
39,中国,CN,丹东市-2106,118000,40.2543,124.194075
40,中国,CN,锦州市-2107,121100,41.000375,121.602575
41,中国,CN,营口市-2108,115000,40.556266666666666,122.45786666666667
42,中国,CN,阜新市-2109,123000,42.0156,121.6589
43,中国,CN,辽阳市-2110,111000,41.353,123.2446
44,中国,CN,盘锦市-2111,124000,41.121,122.0739
45,中国,CN,铁岭市-2112,112000,42.45418333333333,124.04641666666667
46,中国,CN,朝阳市-2113,122000,41.534083333333335,120.21298333333334
47,中国,CN,葫芦岛市-2114,125000,40.684525,120.7761
48,中国,CN,长春市-2201,130000,44.26186666666667,126.00764999999998
49,中国,CN,吉林市-2202,132000,43.7314,126.72483333333332
50,中国,CN,四平市-2203,130700,43.4825,124.70801999999999
51,中国,CN,辽源市-2204,136200,43.138200000000005,124.68476666666668
52,中国,CN,通化市-2205,134000,41.89078,125.96288
53,中国,CN,白山市-2206,134300,41.79778,126.32235999999999
54,中国,CN,松原市-2207,131100,45.26748,124.66385999999999
55,中国,CN,白城市-2208,131300,45.4803,123.10704
56,中国,CN,延边朝鲜族自治州-2224,133000,42.9968125,129.397325
57,中国,CN,哈尔滨市-2301,150000,45.5448,127.2690923076923
58,中国,CN,齐齐哈尔市-2302,161000,48.19229,124.75511
59,中国,CN,鹤岗市-2304,154100,47.20416666666667,131.22946666666667
60,中国,CN,双鸭山市-2305,155000,46.6769,131.1327
61,中国,CN,大庆市-2306,151200,47.04066,125.37468
62,中国,CN,伊春市-2307,152500,47.5349,128.668475
63,中国,CN,佳木斯市-2308,154000,47.1525625,131.6714125
64,中国,CN,七台河市-2309,154500,46.20275,130.7638
65,中国,CN,牡丹江市-2310,157000,44.439614285714285,129.979
66,中国,CN,黑河市-2311,161400,48.521150000000006,126.20261666666667
67,中国,CN,绥化市-2312,151100,46.6852,126.48270000000001
68,中国,CN,大兴安岭地区-2327,165000,48.0595,125.30829999999999
69,中国,CN,南京市-3201,210000,32.24386666666666,119.10463333333333
70,中国,CN,无锡市-3202,214000,31.653579999999998,120.1378
71,中国,CN,徐州市-3203,221000,34.3,117.86011428571429
72,中国,CN,常州市-3204,213000,31.600875,119.718775
73,中国,CN,苏州市-3205,215000,31.528114285714285,120.78492857142858
74,中国,CN,南通市-3206,226000,32.132,120.97221428571429
75,中国,CN,连云港市-3207,222000,34.4325,119.10398
76,中国,CN,淮安市-3208,211600,33.31782857142857,118.8556
77,中国,CN,盐城市-3209,224000,33.1049,120.2334
78,中国,CN,扬州市-3210,211400,32.51926666666667,119.54631666666667
79,中国,CN,镇江市-3211,212000,32.0994,119.5036
80,中国,CN,泰州市-3212,214500,32.43296,119.95027999999999
81,中国,CN,宿迁市-3213,223600,33.813975,118.567075
82,中国,CN,杭州市-3301,310000,29.904349999999997,119.8097
83,中国,CN,宁波市-3302,315000,29.8615,121.3684111111111
84,中国,CN,温州市-3303,325000,27.964977777777776,120.76219999999999
85,中国,CN,嘉兴市-3304,314000,30.655783333333332,120.75208333333333
86,中国,CN,湖州市-3305,313000,30.8703,120.0933
87,中国,CN,绍兴市-3306,311800,29.78304,120.6066
88,中国,CN,金华市-3307,321000,29.179762500000002,119.9336625
89,中国,CN,衢州市-3308,324000,28.8493,118.74569999999999
90,中国,CN,舟山市-3309,202400,30.297075,122.0182
91,中国,CN,台州市-3310,317000,28.655316666666668,121.24446666666667
92,中国,CN,丽水市-3311,317300,28.38482,119.7104
93,中国,CN,合肥市-3401,230000,31.27005,117.17371666666665
94,中国,CN,芜湖市-3402,241000,31.0586,118.64274999999999
95,中国,CN,蚌埠市-3403,233000,32.9408,117.3608
96,中国,CN,淮南市-3404,232000,32.6264,116.9969
97,中国,CN,马鞍山市-3405,238100,31.6429,118.1884
98,中国,CN,淮北市-3406,235000,33.9744,116.7917
99,中国,CN,铜陵市-3407,244000,30.95,117.7833
100,中国,CN,安庆市-3408,231400,30.609789999999997,117.11346
101,中国,CN,黄山市-3410,242700,29.891783333333333,118.40536666666668
102,中国,CN,滁州市-3411,233100,32.694300000000005,118.11995714285715
103,中国,CN,阜阳市-3412,236000,33.0817,115.5889
104,中国,CN,宿州市-3413,234000,33.65646666666667,116.68483333333332
105,中国,CN,六安市-3415,231300,31.5963,116.60826
106,中国,CN,亳州市-3416,233500,33.011250000000004,116.47485
107,中国,CN,池州市-3417,242800,30.456925000000002,118.03444999999999
108,中国,CN,宣城市-3418,242000,30.639085714285716,118.79011428571428
109,中国,CN,福州市-3501,350000,25.918888888888887,119.3988
110,中国,CN,厦门市-3502,361000,25.2174,117.8854
111,中国,CN,莆田市-3503,351100,25.4394,119.0103
112,中国,CN,三明市-3504,353300,26.487545454545455,117.65382727272727
113,中国,CN,泉州市-3505,362000,24.907114285714286,118.51527142857142
114,中国,CN,漳州市-3506,363000,24.5133,117.6556
115,中国,CN,南平市-3507,353000,27.126089999999998,118.05054
116,中国,CN,龙岩市-3508,364000,25.328842857142856,117.11562857142857
117,中国,CN,宁德市-3509,352100,27.026766666666667,119.79374444444444
118,中国,CN,南昌市-3601,330000,28.288419999999995,115.25324
119,中国,CN,景德镇市-3602,333000,29.13145,117.1622
120,中国,CN,萍乡市-3603,337000,27.616699999999998,113.8535
121,中国,CN,九江市-3604,330300,29.404249999999998,115.63015833333333
122,中国,CN,新余市-3605,336500,27.83765,114.73445000000001
123,中国,CN,鹰潭市-3606,335000,28.2333,117.0
124,中国,CN,赣州市-3607,341000,25.86167058823529,115.38331764705882
125,中国,CN,吉安市-3608,331300,27.067384615384615,115.09842307692308
126,中国,CN,宜春市-3609,330600,27.959719999999997,114.80233000000001
127,中国,CN,抚州市-3610,331800,27.997658333333334,116.33192499999998
128,中国,CN,上饶市-3611,333100,28.695916666666665,117.53224166666666
129,中国,CN,济南市-3701,250000,36.689662500000004,117.1517125
130,中国,CN,青岛市-3702,266000,36.4764125,120.26386250000002
131,中国,CN,淄博市-3703,255000,37.0066375,118.045825
132,中国,CN,枣庄市-3704,277000,34.97412,117.37242
133,中国,CN,东营市-3705,257000,37.4627,118.4917
134,中国,CN,烟台市-3706,261400,37.159318181818186,120.9357
135,中国,CN,潍坊市-3707,261000,36.592645454545455,119.18637272727271
136,中国,CN,济宁市-3708,272000,35.391363636363636,116.76156363636363
137,中国,CN,泰安市-3709,271000,36.119620000000005,117.25702
138,中国,CN,威海市-3710,264200,37.209875,121.98887500000001
139,中国,CN,日照市-3711,262300,36.07266666666666,118.89293333333335
140,中国,CN,临沂市-3713,273300,35.976255555555554,117.83515555555556
141,中国,CN,德州市-3714,251100,37.39244166666666,116.76558333333332
142,中国,CN,聊城市-3715,252000,36.6457875,115.8567
143,中国,CN,滨州市-3716,251700,37.17997142857143,117.43392857142858
144,中国,CN,菏泽市-3717,274000,35.2393,115.4736
145,中国,CN,郑州市-4101,450000,34.631685714285716,113.44945714285714
146,中国,CN,开封市-4102,452100,34.6977,113.93883333333333
147,中国,CN,洛阳市-4103,471000,34.6998,112.62461
148,中国,CN,平顶山市-4104,462500,33.85672857142857,113.13091428571428
149,中国,CN,安阳市-4105,455000,35.9648,114.25593333333333
150,中国,CN,鹤壁市-4106,456200,35.8992,114.1925
151,中国,CN,新乡市-4107,453000,35.295775,114.225925
152,中国,CN,焦作市-4108,454100,35.17558571428572,112.95315714285714
153,中国,CN,濮阳市-4109,457000,35.7051,115.0141
154,中国,CN,许昌市-4110,461000,34.1247,113.81592
155,中国,CN,漯河市-4111,462000,33.463625,113.848
156,中国,CN,三门峡市-4112,472000,34.631,111.3682
157,中国,CN,南阳市-4113,473100,32.81240833333334,112.269775
158,中国,CN,商丘市-4114,476100,34.1752,116.01011249999999
159,中国,CN,信阳市-4115,464000,33.47904444444444,114.47325555555555
160,中国,CN,周口市-4116,452600,33.95905454545455,114.14120000000001
161,中国,CN,驻马店市-4117,462100,33.02948888888889,114.00203333333333
162,中国,CN,武汉市-4201,430000,30.747400000000003,113.87773999999999
163,中国,CN,黄石市-4202,435000,30.130233333333337,115.06053333333334
164,中国,CN,十堰市-4203,442000,32.39554285714286,111.03124285714286
165,中国,CN,宜昌市-4205,443000,30.648133333333334,111.59322222222224
166,中国,CN,襄阳市-4206,441000,31.832837499999997,112.4911125
167,中国,CN,鄂州市-4207,436000,30.4904,113.7398
168,中国,CN,荆门市-4208,431800,31.035349999999998,112.4585
169,中国,CN,孝感市-4209,432000,31.00227142857143,113.73732857142858
170,中国,CN,荆州市-4210,433200,30.04852857142857,112.46430000000001
171,中国,CN,黄冈市-4211,435300,30.540655555555556,115.06630000000001
172,中国,CN,咸宁市-4212,437000,29.8609,113.97351666666667
173,中国,CN,随州市-4213,432700,31.6636,113.58935000000001
174,中国,CN,恩施土家族苗族自治州-4228,444300,31.456487499999998,111.78028750000001
175,中国,CN,长沙市-4301,410000,28.042939999999998,112.87732000000001
176,中国,CN,株洲市-4302,412000,27.518716666666666,113.1108
177,中国,CN,湘潭市-4303,411100,27.833325000000002,112.64999999999999
178,中国,CN,衡阳市-4304,421000,26.832622222222223,112.66279999999999
179,中国,CN,邵阳市-4305,422000,26.8122,110.79941111111111
180,中国,CN,岳阳市-4306,410400,28.938585714285715,113.01848571428572
181,中国,CN,常德市-4307,415000,29.0321,111.6984
182,中国,CN,张家界市-4308,427000,29.1294,110.4783
183,中国,CN,益阳市-4309,413000,28.7149,112.35118000000001
184,中国,CN,郴州市-4310,423000,26.317755555555557,112.53674444444444
185,中国,CN,永州市-4311,425000,26.57698888888889,111.37907777777778
186,中国,CN,怀化市-4312,418000,27.641936363636365,111.1114909090909
187,中国,CN,娄底市-4313,417000,27.688383333333334,111.61035
188,中国,CN,湘西土家族苗族自治州-4331,416000,27.8963,112.0379
189,中国,CN,广州市-4401,510000,23.35002,113.16332
190,中国,CN,韶关市-4402,511100,24.8505375,113.655675
191,中国,CN,深圳市-4403,518000,22.663766666666668,114.1983
192,中国,CN,珠海市-4404,519000,22.2769,113.56779999999999
193,中国,CN,汕头市-4405,515000,23.3356,116.45312
194,中国,CN,佛山市-4406,528000,22.82528,113.23054
195,中国,CN,江门市-4407,529000,22.40095,112.73293333333332
196,中国,CN,湛江市-4408,524000,21.314266666666665,110.3785
197,中国,CN,茂名市-4409,525000,21.89806,110.82530000000001
198,中国,CN,肇庆市-4412,526000,23.208485714285718,112.5733
199,中国,CN,惠州市-4413,516000,22.979499999999998,114.99096
200,中国,CN,梅州市-4414,514000,24.218414285714285,115.9202
201,中国,CN,汕尾市-4415,516400,22.905225,115.314825
202,中国,CN,河源市-4416,517000,23.7333,114.68329999999999
203,中国,CN,阳江市-4417,529600,22.127466666666667,112.10516666666666
204,中国,CN,清远市-4418,511500,24.34805,113.03385
205,中国,CN,东莞市-4419,523000,23.018,113.7487
206,中国,CN,中山市-4420,528400,22.5231,113.3791
207,中国,CN,潮州市-4451,515600,23.439866666666664,116.49000000000001
208,中国,CN,揭阳市-4452,515200,23.370179999999998,116.36112
209,中国,CN,云浮市-4453,527000,22.848699999999997,111.80348333333332
210,中国,CN,南宁市-4501,530000,22.744525,108.159925
211,中国,CN,柳州市-4502,545000,24.324100000000005,109.407
212,中国,CN,桂林市-4503,541000,25.00712727272727,110.46161818181818
213,中国,CN,梧州市-4504,541300,23.903414285714284,110.62132857142858
214,中国,CN,北海市-4505,536000,21.4835,109.11549999999998
215,中国,CN,防城港市-4506,535500,21.881433333333334,108.32893333333334
216,中国,CN,钦州市-4507,535000,21.9825,108.6506
217,中国,CN,贵港市-4508,537100,23.157633333333333,109.90343333333334
218,中国,CN,玉林市-4509,537000,22.86435,110.11021666666666
219,中国,CN,百色市-4510,531400,23.350516666666667,106.8402
220,中国,CN,贺州市-4511,542600,24.2855,110.94775
221,中国,CN,河池市-4512,530700,24.22214,108.28934999999998
222,中国,CN,来宾市-4513,545700,24.032866666666667,109.31946666666666
223,中国,CN,崇左市-4514,532100,22.239285714285714,107.0625
224,中国,CN,海口市-4601,570000,19.65645,110.327
225,中国,CN,三亚市-4602,572000,18.2543,109.5095
226,中国,CN,三沙市-4603,573100,16.8391,112.3406
227,中国,CN,儋州市-4604,571700,19.2163,109.93725
228,中国,CN,成都市-5101,610000,30.750026666666663,104.09702666666668
229,中国,CN,自贡市-5103,643000,29.3416,104.7769
230,中国,CN,攀枝花市-5104,617000,30.8018,104.1426
231,中国,CN,泸州市-5105,646000,28.890299999999996,105.42569999999999
232,中国,CN,德阳市-5106,618000,31.145416666666662,104.2563
233,中国,CN,绵阳市-5107,621000,32.01515,104.61895
234,中国,CN,广元市-5108,628000,32.442,105.823
235,中国,CN,遂宁市-5109,629000,30.508,105.5733
236,中国,CN,内江市-5110,641000,29.8741,104.81504
237,中国,CN,乐山市-5111,613100,29.67498181818182,103.79832727272728
238,中国,CN,南充市-5113,637000,31.510533333333335,106.01806666666666
239,中国,CN,眉山市-5114,620000,30.043899999999997,103.837
240,中国,CN,宜宾市-5115,644000,29.083599999999997,104.67211999999999
241,中国,CN,广安市-5116,638000,30.4243,106.70482
242,中国,CN,达州市-5117,635000,31.640249999999998,107.74934999999999
243,中国,CN,雅安市-5118,625000,29.9852,102.999
244,中国,CN,巴中市-5119,635600,31.783466666666666,107.84476666666667
245,中国,CN,资阳市-5120,641300,30.1447,104.6642
246,中国,CN,阿坝藏族羌族自治州-5132,623000,31.96849230769231,103.04968461538462
247,中国,CN,甘孜藏族自治州-5133,626000,31.5591,103.9114
248,中国,CN,凉山彝族自治州-5134,615000,30.801799999999997,104.1426
249,中国,CN,贵阳市-5201,550000,26.66854,106.6653
250,中国,CN,六盘水市-5202,553000,26.776466666666664,104.66276666666666
251,中国,CN,遵义市-5203,563000,27.96093076923077,106.44886153846154
252,中国,CN,安顺市-5204,550800,26.122983333333334,105.96215000000001
253,中国,CN,毕节市-5205,551500,26.967414285714284,105.24857142857142
254,中国,CN,铜仁市-5206,554000,26.737199999999998,106.57878000000001
255,中国,CN,黔西南布依族苗族自治州-5223,552200,26.001975,105.6572625
256,中国,CN,黔东南苗族侗族自治州-5226,556000,26.827786666666665,107.11578
257,中国,CN,黔南布依族苗族自治州-5227,550100,26.735899999999997,106.57972500000001
258,中国,CN,昆明市-5301,650000,25.342292857142855,102.83017857142858
259,中国,CN,曲靖市-5303,654200,25.48245,103.470975
260,中国,CN,玉溪市-5304,651100,24.98176,102.31944999999999
261,中国,CN,保山市-5305,673400,25.127816666666668,98.89608333333334
262,中国,CN,昭通市-5306,654600,27.112233333333336,103.44647777777779
263,中国,CN,丽江市-5307,674100,26.8688,100.2207
264,中国,CN,普洱市-5308,654800,25.4765,101.2847
265,中国,CN,临沧市-5309,675800,24.218925,99.88355
266,中国,CN,楚雄彝族自治州-5323,651200,25.31484,100.65241999999999
267,中国,CN,红河哈尼族彝族自治州-5325,652300,24.121623076923076,102.85674615384616
268,中国,CN,文山壮族苗族自治州-5326,663000,23.5293,103.2287
269,中国,CN,大理白族自治州-5329,671000,25.2366,99.2507
270,中国,CN,德宏傣族景颇族自治州-5331,678400,24.908800000000003,98.76102
271,中国,CN,怒江傈僳族自治州-5333,671400,25.7276,98.96583333333334
272,中国,CN,迪庆藏族自治州-5334,674400,26.868800000000004,100.22070000000001
273,中国,CN,拉萨市-5401,850000,30.041457142857144,91.30511428571428
274,中国,CN,日喀则市-5402,854700,30.5634,91.5786
275,中国,CN,昌都市-5403,854000,30.5634,91.5786
276,中国,CN,林芝市-5404,860100,29.365257142857143,94.62595714285715
277,中国,CN,山南市-5405,850700,30.41116666666667,91.49883333333332
278,中国,CN,那曲市-5406,852000,31.111439999999998,91.86582
279,中国,CN,阿里地区-5425,859000,30.5634,91.57859999999998
280,中国,CN,西安市-6101,710000,34.2583,108.9286
281,中国,CN,铜川市-6102,727000,34.8988,108.9506
282,中国,CN,宝鸡市-6103,721000,34.205372727272724,107.65815454545454
283,中国,CN,咸阳市-6104,711200,34.03836666666667,108.797275
284,中国,CN,渭南市-6105,711700,34.980525,109.34578333333333
285,中国,CN,延安市-6106,715700,35.484869230769235,109.20049999999999
286,中国,CN,汉中市-6107,723000,33.33044545454545,107.5434818181818
287,中国,CN,榆林市-6108,718000,36.52243333333333,109.413925
288,中国,CN,安康市-6109,711600,32.93786,109.03376
289,中国,CN,商洛市-6110,711400,34.264385714285716,109.71694285714285
290,中国,CN,兰州市-6201,730000,36.24075,103.963725
291,中国,CN,嘉峪关市-6202,735100,39.8112,98.2862
292,中国,CN,金昌市-6203,737100,38.6246,100.1084
293,中国,CN,白银市-6204,730400,36.180475,104.2008
294,中国,CN,天水市-6205,741000,34.568599999999996,105.8933
295,中国,CN,武威市-6206,733000,37.9267,102.632
296,中国,CN,张掖市-6207,734000,38.9342,100.4517
297,中国,CN,平凉市-6208,741600,35.40507142857143,106.27811428571428
298,中国,CN,酒泉市-6209,735000,40.09337142857142,95.98127142857143
299,中国,CN,庆阳市-6210,744500,35.688475000000004,107.5247
300,中国,CN,定西市-6211,730500,35.324714285714286,105.29459999999999
301,中国,CN,陇南市-6212,742100,34.43749999999999,105.60753333333332
302,中国,CN,临夏回族自治州-6229,731100,38.6246,100.1084
303,中国,CN,甘南藏族自治州-6230,746300,34.762375,105.82332500000001
304,中国,CN,西宁市-6301,810000,37.7106,93.8238
305,中国,CN,海东市-6302,810500,37.7106,93.8238
306,中国,CN,海北藏族自治州-6322,810300,37.7106,93.82379999999999
307,中国,CN,黄南藏族自治州-6323,811200,37.7106,93.8238
308,中国,CN,海南藏族自治州-6325,811800,37.7106,93.8238
309,中国,CN,果洛藏族自治州-6326,624700,36.81206666666667,95.23835000000001
310,中国,CN,玉树藏族自治州-6327,815000,37.7106,93.8238
311,中国,CN,海西蒙古族藏族自治州-6328,816000,37.69302857142857,93.61292857142857
312,中国,CN,银川市-6401,750000,38.477199999999996,106.24445
313,中国,CN,石嘴山市-6402,753000,38.9808,106.3892
314,中国,CN,吴忠市-6403,751100,38.02225,106.254775
315,中国,CN,固原市-6404,756000,36.0067,106.2808
316,中国,CN,中卫市-6405,755000,37.5113,105.1907
317,中国,CN,乌鲁木齐市-6501,830000,43.801,87.6005
318,中国,CN,克拉玛依市-6502,834000,45.5847,84.8872
319,中国,CN,哈密市-6505,839000,44.6559,84.9498
320,中国,CN,昌吉回族自治州-6523,831100,44.18071428571428,87.53587142857144
321,中国,CN,博尔塔拉蒙古自治州-6527,817300,44.691424999999995,82.9894
322,中国,CN,巴音郭楞蒙古自治州-6528,841000,39.0638,76.706
323,中国,CN,阿克苏地区-6529,842000,39.0638,76.706
324,中国,CN,克孜勒苏柯尔克孜自治州-6530,843500,39.549125000000004,76.30505000000001
325,中国,CN,喀什地区-6531,843800,38.578475,77.10695
326,中国,CN,和田地区-6532,845100,39.156242857142864,76.62962857142858
327,中国,CN,伊犁哈萨克自治州-6540,833200,43.989619999999995,80.99002
328,中国,CN,塔城地区-6542,832100,45.734100000000005,84.19474285714286
329,中国,CN,阿勒泰地区-6543,836100,44.6559,84.9498
